signature,trader,slot,transaction_index,instruction_index,market,dex,source_mint,destination_mint,source_vault,destination_vault,amount_in,amount_out,spot_price_a_in_b,spot_price_b_in_a,sol_usd_price,total_liquidity_a,total_liquidity_b,total_token_supply_a,total_token_supply_b,block_timestamp
5GrMmEAk6sV1XR2xHyJ3VmEMMsBBGQz6XVvQfzYTdPZchH6RqmYy8roPfbcx2Etb5VKP58WTyLyEjZbxAbtWVxAy,HX2jBPFM2yU15ciBuFyu12D4R2G3DreEy5P55pZezZKb,358030119,77,16,EBFxzzDrSaEqFxB4YioY88DSRQAwBYnf7yd6Rvj3bRV8,"""pumpswap""",84oEYUrJLwu75ya2wzR7jPBUZeCx1swEC2Ya5DJW9HmA,So11111111111111111111111111111111111111112,4NFWMPjomTsekbPXuUuakyd3Dt5cccA4hBjYWo8b5RS6,CoKiREimRxc5RTr5pwAW1PWVvxVn3ZQmRwFYHqQvuNuV,9519773.466356,0.028381249,3e-09,358514074.3096002,170.910005343,0.400683585,143650704.567327,0.0,1000000009.0,2025-08-05 12:15:09.386560238
5GrMmEAk6sV1XR2xHyJ3VmEMMsBBGQz6XVvQfzYTdPZchH6RqmYy8roPfbcx2Etb5VKP58WTyLyEjZbxAbtWVxAy,9M9VUHVfighEnE8x4Xqvd53AcmLMaTKSHKtPG9sjV8rD,358030119,77,5,EBFxzzDrSaEqFxB4YioY88DSRQAwBYnf7yd6Rvj3bRV8,"""pumpswap""",84oEYUrJLwu75ya2wzR7jPBUZeCx1swEC2Ya5DJW9HmA,So11111111111111111111111111111111111111112,4NFWMPjomTsekbPXuUuakyd3Dt5cccA4hBjYWo8b5RS6,CoKiREimRxc5RTr5pwAW1PWVvxVn3ZQmRwFYHqQvuNuV,9521575.423052,0.032720005,3e-09,358514074.3096002,170.910005343,0.400683585,143650704.567327,0.0,1000000009.0,2025-08-05 12:15:09.386554788
5GRRYY4NGkod8kCQN5nnpAx4cRfhq2M6FLJ9JgNf9m3DvxkjhSBSNgJ8rhXyauE4aDRVSusbDAhoCh6vd4fvjeGM,HHwS39sSmTZdB8gApSjUDjeYmquWrqYtXMX9ushK8XmT,358030119,47,12,CWZJ2KNow6JqdncyxZBq9ogqJT3UqZbfMEWnR9G9Bw2E,"""pumpswap""",EQuJwDKbPKBaNtbwMoLFtGs2sTW383DHgAKBKKSHMUh2,So11111111111111111111111111111111111111112,FPKxopXpw1oUGaBqqHwv9UgwUY9xzjC5ipgw2qa6nGgS,Df5t9KuZdpC4YgPFtbigdJ9LdwCwZLJV2chaTmtufRvX,14219.651649,0.23189746,1.6219e-05,61654.184394854,170.910005343,31.055866951,1914724.147539,0.0,1000000000.249781,2025-08-05 12:15:09.384837655
5GRRYY4NGkod8kCQN5nnpAx4cRfhq2M6FLJ9JgNf9m3DvxkjhSBSNgJ8rhXyauE4aDRVSusbDAhoCh6vd4fvjeGM,HHwS39sSmTZdB8gApSjUDjeYmquWrqYtXMX9ushK8XmT,358030119,47,7,CWZJ2KNow6JqdncyxZBq9ogqJT3UqZbfMEWnR9G9Bw2E,"""pumpswap""",So11111111111111111111111111111111111111112,EQuJwDKbPKBaNtbwMoLFtGs2sTW383DHgAKBKKSHMUh2,Df5t9KuZdpC4YgPFtbigdJ9LdwCwZLJV2chaTmtufRvX,FPKxopXpw1oUGaBqqHwv9UgwUY9xzjC5ipgw2qa6nGgS,0.233062774,14227.245881,1.6219e-05,61654.184394854,170.910005343,31.055866951,1914724.147539,0.0,1000000000.249781,2025-08-05 12:15:09.384832104
LbxS35T9EdR3ZAsANXSESdthCqtzetdZR5o1pFr1eLmZM2iXaWd3YpYrafLkf1rtjkmNLfbeyZLEjjNgMEac9k3,7tiMfRiLKTbhBw8Abq2EzM5QQiWJqHFw31LXPXGTg15f,358030119,38,12,89uCUR2STidHHL6bUKrYtSC67x2srRb1tw6VqkHFPRrd,"""pumpswap""",6TMjL2CPNYZUUePHstt3k3XRCjXu5w8V71Dq6AMBdsRB,So11111111111111111111111111111111111111112,4zfgPSY5snMYFWyQZBbUTfZJBkyfZa4RbT9FjQXJTMLH,8TFtfCdHxoRUYNDYvhPeSNjVkFYHGpdk4aR8LdFtaG2e,9756.273142,3.352208546,0.000336206,2974.365381067,170.910005343,139.828858247,415902.115244,0.0,1000000000.0,2025-08-05 12:15:09.382951073
LbxS35T9EdR3ZAsANXSESdthCqtzetdZR5o1pFr1eLmZM2iXaWd3YpYrafLkf1rtjkmNLfbeyZLEjjNgMEac9k3,7tiMfRiLKTbhBw8Abq2EzM5QQiWJqHFw31LXPXGTg15f,358030119,38,7,89uCUR2STidHHL6bUKrYtSC67x2srRb1tw6VqkHFPRrd,"""pumpswap""",So11111111111111111111111111111111111111112,6TMjL2CPNYZUUePHstt3k3XRCjXu5w8V71Dq6AMBdsRB,8TFtfCdHxoRUYNDYvhPeSNjVkFYHGpdk4aR8LdFtaG2e,4zfgPSY5snMYFWyQZBbUTfZJBkyfZa4RbT9FjQXJTMLH,3.369053816,9761.969481,0.000336206,2974.365381067,170.910005343,139.828858247,415902.115244,0.0,1000000000.0,2025-08-05 12:15:09.382944681
5AbKLhGoJHDaucqMeAi8Q98W6sdBUbhv6QkUzqD4VtgCk4x9yWs38bwM7F8cxzFqo41o7o4zT4pLuBwQqtE6Dwe5,5XcVGwbUAg6W6t2kyTaKvxcu9GWEuGJAyUADMv2LVnHh,358030118,1096,12,pmWMCYK9aQ8fc9dThmktXgxM3b45ppd3z7YNAFsfbfb,"""raydiumclmm""",So11111111111111111111111111111111111111112,AqLCK4FMPQ5SPS7j5xi7kn4xU8kfVUiw7hiWxsqFJGNN,EKiiPRACjSmGnM4MXUfqVF7BfFzFtgfxmnGctDMQSa2e,79WNH88We54JupjcwxtjBswU6Yr2U1Nd9QdzJEyFk6gS,11.092956836,278545.861421,4.0155e-05,24903.42636188,170.910005343,1335.640305431,33279646.99438,0.0,1000000000.0,2025-08-05 12:15:09.382253444
5X7Y9QFUkHqRZjYrYtkC3ZHdR5sqh6oLwVnZbejEihD7YGEW91mtYQpJkQfQjMZnfXqpYS9nVM7NQ7pvbzkt9ayX,FKg6RYnG3wESMAmYF3dDYnedYXdLcCLENthp1sCkaeTy,358030119,29,6,Buqk8zg4AjqJTCzV81mFLsry7kx3GvTEqHRGsWQwHXh7,"""pumpswap""",D6WpTHJQxMAqLdwEjpKdMkrCCCNFw7z6PW7n2uMJVvXJ,So11111111111111111111111111111111111111112,BnkFkM4snj5xuFKQ4L4YJf9MCZEZCgDk8VSsGfZT9rTp,EtjWA5SyKCC9XrnbWzYFkFXuWNiM1eTcTWuPnmPdo51b,16692.565191,0.001766414,1.06e-07,9431286.913769975,170.910005343,94.948841379,895489765.175384,0.0,1000000000.0,2025-08-05 12:15:09.381497154
2GipmkxQfUdeZXrY22WTebKsrwhgamzg12wEz42MxQUkGyXvwDEVTVkQPhUK6PtdpDamAZgLtnrVw5Di9PYThye8,63ZUWQWAcN85oEkyRTC4TFKkNTqzC6gS5MUtp5338i6a,358030119,26,7,4s45LtTHPhDaeQCjuf9fnrMpFkC9RMz25q9Z864ETuv6,"""pumpswap""",So11111111111111111111111111111111111111112,JA8vQN2vr2RsmWhmJrpCLmh5WUk4ikF3mMwWV1dYpump,C5esvgrn1tDij2wqfACVfa1BJo2j6KAmej3U9X5iT1D7,EgdFDnpPpo9VEQz9hzQsQre2Ji8eqG6i9PnzNKrVcpa,0.993933703,498286.472556,499862.21932608,2.001e-06,170.910005343,101118890.143856,202.293524564,999999998.312654,0.0,2025-08-05 12:15:09.380424721
3ThGp8W31KHTfCsaA9B7U4GtZABqnRa8mghLm79Yswvk761SGwHZXY8R6zPdF3SvX8ojKYTJYxpF3zu1oukyXuaj,8E1oAhKtXsZQUc66QU3XZvGBtkjPZ9Jmxrht5gLQkqMK,358030118,1095,12,pmWMCYK9aQ8fc9dThmktXgxM3b45ppd3z7YNAFsfbfb,"""raydiumclmm""",So11111111111111111111111111111111111111112,AqLCK4FMPQ5SPS7j5xi7kn4xU8kfVUiw7hiWxsqFJGNN,EKiiPRACjSmGnM4MXUfqVF7BfFzFtgfxmnGctDMQSa2e,79WNH88We54JupjcwxtjBswU6Yr2U1Nd9QdzJEyFk6gS,15.158322163,388283.839066,3.9489e-05,25323.663464926,170.910005343,1324.547348595,33558192.855801,0.0,1000000000.0,2025-08-05 12:15:09.380166997
5Z4QHG7sTfTsRvKcdePYKrUk32oVciPqtC5XJRnqR9T7ZsAXF5GY4NfP9J3FibtbsvZizmeQA3fYyKbrKRwTd4Gx,CzVzavSUcGFZabvk2iBJVeBibTySgGcKsqxVqW95jaHK,358030118,1094,6,pmWMCYK9aQ8fc9dThmktXgxM3b45ppd3z7YNAFsfbfb,"""raydiumclmm""",AqLCK4FMPQ5SPS7j5xi7kn4xU8kfVUiw7hiWxsqFJGNN,So11111111111111111111111111111111111111112,79WNH88We54JupjcwxtjBswU6Yr2U1Nd9QdzJEyFk6gS,EKiiPRACjSmGnM4MXUfqVF7BfFzFtgfxmnGctDMQSa2e,173962.874039,6.746771058,3.8587e-05,25915.327041953,170.910005343,1309.389026432,33946476.694867,0.0,1000000000.0,2025-08-05 12:15:09.378864823
2gVpr8W5ZbKwW3JqgqgFuuYbghGz7DhLcoiAopuGs8szYn3Q1oW8ZkzgKHtsNDaQ5qHgMDUsMLJjAtCnZZXTHdEX,4TqTyNB56AYt9sV4NDCDGoTtunGoVzYTLAQ1ZSScJ4d7,358030119,116,7,5rxx6rbzFpaPwt8W6WmeMcn7EPuNLTDpjv8bypEfnqtq,"""raydiumcpmm""",xGPMieA2M8aUrfp7MMsioSLanaXWwS7rVxYcvrMbonk,So11111111111111111111111111111111111111112,7QKH39aUUpPwKCL91E2af31ZGpiQZj5RKNhh477UJDXg,5YWrW4VhYLutXdkaxGhEYZAATzW12JYPMFvdFZpVFywq,157005.6,2.394651209,1.5234e-05,65643.403461349,170.910005343,648.005208256,42537267.330604,0.0,999998841.386343,2025-08-05 12:15:09.377859376
3KeLSaDNBziyV4NJKJ2ZW9fZPJu6odcpU3KzQenCz9xN2EBRPh6KNPnKvqagEEWwnD5Lej8i7a2eHjpd6NsRDwTf,GvwnftEunA1fYAxRfmuArGQAUkCBh23LdjDReBhjmkR9,358030118,1093,6,pmWMCYK9aQ8fc9dThmktXgxM3b45ppd3z7YNAFsfbfb,"""raydiumclmm""",AqLCK4FMPQ5SPS7j5xi7kn4xU8kfVUiw7hiWxsqFJGNN,So11111111111111111111111111111111111111112,79WNH88We54JupjcwxtjBswU6Yr2U1Nd9QdzJEyFk6gS,EKiiPRACjSmGnM4MXUfqVF7BfFzFtgfxmnGctDMQSa2e,494800.624451,19.57685349,3.8987e-05,25649.425629334,170.910005343,1316.13579749,33772513.820828,0.0,1000000000.0,2025-08-05 12:15:09.377119807
51nQXQZ4rTsZnau72ndFtuqKEWdTWfajEdr93c8biMVU4XtMMqPrLgj4XYHr6hgHSqxd5fxKjCgBZLr7Yc97Bqme,XiA3cjmbvUBjVA1NW3V3r3ec2kv15rqgwAEg6DVrf2v,358030118,1073,4,DsynwFasBb2ttg1QcNVvZxzee6Ce1bCK5rWUbuMcSG8N,"""raydiumclmm""",5qrWrsQ5ynivPkkzE11XUrxF9vMCpWvDhfyzF8QMAwm1,So11111111111111111111111111111111111111112,9iYKAY9pFcfLXSdVB85hqV3SF8vGirx9EQVc3NLMH2dB,67UKoF3fqD6UqLkcdvtJYuFTt9dAM6jaVA6wdC4zCEAs,5421150.718982,1.270929604,2.32e-07,4301570.663782511,170.910005343,147.829898883,608250235.114187,0.0,1000000000.0,2025-08-05 12:15:09.358943257
2uewe4v8yEoY7g6xrwS7rgzbox2bSjp6dKmudrcCU3srypZ97t4g2v4cgwddhvmrSpgTYDWfaPXFXJCnqWXZnyAM,DNamrdsvu7P5JPvkoB9CFLmyYyV79NZ2hZ2RMp3nipip,358030118,1061,13,wawqsUQ8rcyvKHW6gFXx2yt27mW4CTNMnJukUMfgJgT,"""pumpswap""",So11111111111111111111111111111111111111112,9u5fdk4yT1Hj3npjaWoE8ggPubWnoaudxfmRE6RFitnb,AgLJAQ6Kihk3NbMaC1fA4wVNMJfvwp6i1CjabsKdpZ4B,xCXZqpW4kRot5KEoXNGW4aULzhv1XwRGTqGAReTaXak,0.771934666,2365486.136685,3.26e-07,3064504.811900041,170.910005343,314.055543873,962424725.402693,0.0,1000000000.0,2025-08-05 12:15:09.357941366
3DtMpMFfApCyGsJRFkfA9r56yjiuCc5CMWTsfXAC7vJEeZWwvpiq57pWkQN55nubPvXcXyDd2jXG1HK61QfxqWa7,HYRc4QwCWq1w18zQdBR8gxFL89WGT1L7ooW5CbVTaprV,358030118,1069,4,ALovMiUkM4rEUXK92s2msn3tUecnfYVzLqQ2BcJmNqrk,"""raydiumclmm""",8G4JN5Gq65PXiho4ShQTCWaRxJkzdSQDJq7Vb53Wi1vp,So11111111111111111111111111111111111111112,B2b41W7MeqYdYbFbeZyunb2a5ZrDKtwr83Tu5Rx1jUk,FTJ4nX3YkCvvfcGs8zRR1rJiGjyhpfkXxr99bs6cjT5Z,2443.140696,0.000259912,1.06e-07,9398939.21853481,170.910005343,92.389689563,844007584.66022,0.0,1000000000.0,2025-08-05 12:15:09.357346991
2xkeSSmxUCZB6t6SxvChGTqUFhWg1CSFYJnU7Gy3FPWU4mjwMvAhmYzF1FWGR9avEYZXmqwxUvBPJMpcNqizXChD,5FkuosWPDXrA6BrMUgTKcmQnyyuy75RbKKkgZK3DBY29,358030118,1058,4,8CQqiuHrg3wXVrps58Btp6ap27i1Fe7r6fkdfdRdQXnb,"""raydiumclmm""",Bao9BEjnDAu6PAhC6WpaZnyucfMok4NzRMeVy636nzmk,So11111111111111111111111111111111111111112,9PDDJKJBGQVUPuUqrXVCMeXnMv1pNEMCJv3bCrFqD9RF,B5S66vEJUbwk99j7GtkUZjP1RRVzYXMPASaTs8y1VXY5,94.824045,1.1449e-05,1.21e-07,8281015.93317059,170.910005343,109.997436577,887308000.923936,0.0,1000000000.0,2025-08-05 12:15:09.356989430
5NynX6HWRgH69dE7iFPmSZRvrfobhfUu9uhiPyEenDCf4iZgHCPx4qMfnhbacj68tNkyczTpvspMjw9VhzArTAbF,8pr6Yxw3cyGrKLPFq7KPC3qEtVdCLA8LDAQd3e2NAKHC,358030118,991,15,4s45LtTHPhDaeQCjuf9fnrMpFkC9RMz25q9Z864ETuv6,"""pumpswap""",So11111111111111111111111111111111111111112,JA8vQN2vr2RsmWhmJrpCLmh5WUk4ikF3mMwWV1dYpump,C5esvgrn1tDij2wqfACVfa1BJo2j6KAmej3U9X5iT1D7,EgdFDnpPpo9VEQz9hzQsQre2Ji8eqG6i9PnzNKrVcpa,0.019780259,9966.235644,504805.678848001,1.981e-06,170.910005343,101617176.616412,201.299590861,999999998.312654,0.0,2025-08-05 12:15:09.333603450
ozZfo1e6PyRDZ6u3mziG6MX4F42C2TENjF8Fvxw7ongh8XKPLRuNJtAJdXNcGDRc1bvN1KsCPR4idqUYFMWbR9s,J6jkNRxvZfuPUJYkg8Z98A8qAp4RtSVMHFPHtRks8TaG,358030118,984,6,DVW3dzLgThmR9rXDFGZ35Ni8ARzTTa5zbpsYuVByf9Ww,"""raydiumcpmm""",uUN1ySW19cqMMPGfKGaKnL9zheGM7hzJBBzgN1nbonk,So11111111111111111111111111111111111111112,D3oKqxbqLApvL5W5z4w4KPwWW3eyQWDAHom7xskYS4xn,6LCenTU73gSwkKo1frZtqNEi4YBZdQTEbU26r4o57sip,195243.408672,0.283173602,1.452e-06,688899.899669196,170.910005343,171.118994078,117883857.851828,0.0,999999999.999999,2025-08-05 12:15:09.328170482
3Lw7kMc7AZ8pYYNaGb61HRnMxrGZhySSg5baYsinbUwGSmkN5V8TaFvMSMEkXqQ5F8LvTfYNuTjqa7tVUJmsex1V,HU23r7UoZbqTUuh3vA7emAGztFtqwTeVips789vqxxBw,358030118,1607,21,Lzxttui1i1xVDTn9y1P9YLPSuP1ziupbH5k9WKtVzu9,"""raydiumcpmm""",So11111111111111111111111111111111111111112,GvhKJQGSLsPN49AM4cHS6YSDZysPmP5zq3E3Shwubonk,EbtFLckAPUfbX3TBCer6z4wqocau3wwNgqoeDdmdHNgK,Ay41DKKzrSLGzPCUNFNKawij1JqVaBAG1XbUBuKRFomk,0.8770179,144826.974481,6.054e-06,165167.381546568,170.910005343,379.724114098,62718037.635657,0.0,999960260.373509,2025-08-05 12:15:09.315039433
3Lw7kMc7AZ8pYYNaGb61HRnMxrGZhySSg5baYsinbUwGSmkN5V8TaFvMSMEkXqQ5F8LvTfYNuTjqa7tVUJmsex1V,HU23r7UoZbqTUuh3vA7emAGztFtqwTeVips789vqxxBw,358030118,1607,13,ExcBWu8fGPdJiaF1b1z3iEef38sjQJks8xvj6M85pPY6,"""raydiumclmm""",Es9vMFrzaCERmJfrF4H2FYD4KCoNkY11McCe8BenwNYB,So11111111111111111111111111111111111111112,2w6WUGXVeUPeGpJTUSNu4btbpMkFtmjrQgpKi149it7K,7CoLodcm9h4EAFKpcPbT34yk3MkpeWjsBqXVidfbrfQ7,31.5,0.184150673,0.005846862,171.031900565,170.910005343,298.373892874,47887.649399,0.0,2389926650.749396,2025-08-05 12:15:09.315032049
PT4UYBWN7HakmLVx9QBztZuyQcTtKRu9gEK8T2QhSiCozLTqWwPs5bUpYFqSe84dqqjsegJTEN8EaUNmy4UEous,64jvzyWM1kBcL9qwqGNynSGcG2RXAemxzErN1BAanrnk,358030118,1617,9,YbRAtFU3f5ZieSDn2jSZ5YzwFXyGT1bWNH8AQJNTAm5,"""raydiumcpmm""",61RMRhrZ3QeX4xyRUyvekHtGHnt2U81Dd6fE3gj3bonk,So11111111111111111111111111111111111111112,6fnjXebhiTdm8Xpq8naw4taYK95nXe4jZYruDBPvAQ3E,CXBZDGj1RjZ4zrJWNz98TwyY1MTjo8Ru8M519HfvraoU,20672.365889,0.039417067,1.911e-06,523233.035717379,170.910005343,224.577657647,117506449.564938,0.0,999879915.269095,2025-08-05 12:15:09.312330778
5kpsgb9Q4BTdgJf2af4WeJc5fuwzfzbvKbDsEcAsE9H5HB1PRmNm4pWjCAgzv95WMBzeTgSc7asM3vjaiFRhXNpx,GHRPhDWrLx19mBYHzDCucebJhbYL6Nzibftr3KmZrjNW,358030118,1622,5,HddjeGy4nxVnk9VkgASsHUXu9G8ED9DTp1G7JRP7nfCJ,"""raydium""",So11111111111111111111111111111111111111112,2sKGWCh7aPxYB52Bc7iTbSDTif9jdzXPrfo1ENTGJczP,2nfKBTCKBKftiD6uFmFgfJ7M7F67WLgZidzCmfS2gg4q,GTgp1dqzbbKpoY4R5yhc1Wd2xkRzfYrvaaSwaJmcwqi4,0.1,2400934.594458,23907524.23864568,4.2e-08,170.910005343,355221353.59508,14.858140477,998587170.248695,0.0,2025-08-05 12:15:09.312280594
2sFwzCtBCPvZGeWguFUgYfZs9gNszTCRkHyTNfj2osaPXFbpAjcy836dt6wjJwtsGGPyQGkXDhyRTHMr5sXrqHzH,omegoMAe1AMY5MFKQQr3JwXVy8F4eCvmBAfcpo8XAfq,358030118,1608,7,B1wSsURackicxnrNjmxZAo97NCwCbXJueivqaf1mvFSM,"""raydiumcpmm""",4cVENSGqpBQQTwCHJuGhJbqfWxBTG9mz6RpvqRckbonk,So11111111111111111111111111111111111111112,DMMtju4L9aQoFXWXHwD3ASFi2ybHktm5kSCHNwv3DNFL,84twwuTim6ywfaqNaomm2UbHrCW7dZXwFvr5Jn8Ui6qJ,2943156.683724,1.337658965,4.49e-07,2226435.527300029,170.910005343,92.787528305,206585449.508609,0.0,999994739.216603,2025-08-05 12:15:09.312233115
3xsFjX8vqDNahLSkH6s88ngxqU1TxDkUw8VjwULQvLdaj8G4GVHuWKotxnTB4kgP7A4UgKTpq58nr1V7U1RKFuDi,6U91aKa8pmMxkJwBCfPTmUEfZi6dHe7DcFq2ALvB2tbB,358030118,1592,15,8M5rjeDQKW4w4rmWFQLTqCYVuA1rMe9Z2QQ2SZResD9M,"""meteoradlmm""",EPjFWdd5AufqSSqeM2qN1xzybapC8G4wEGGkZwyTDt1v,So11111111111111111111111111111111111111112,DHqUM3nbZtvuv7tm4rcAbbWSMX99hnPQvEmDQ2EyGfg3,2LizoD7noGRmTFszBRj3P2GzfARqdGwhpimQthWTGbhn,0.018623,0.000108839,0.005845627,171.068055443,170.910005343,1.31421246,118.994968,0.0,8271361859.727315,2025-08-05 12:15:09.312222866
41ZEQ9besvhFy6GMu4LCyqbZNr38eHk6Y3bRFUrPUgeoHq4D3D9BoHpa1VUCNYXYebXDipPvSGXEdqTPzXgh8irz,6zjwgtSDdCiLpEd6tvB1d6wTTEHtxhtBKMkp6Pk5VrYF,358030118,1586,22,8GbdcUSprTUYEudSTVdQy83cDgHk6EiAMJ6EyWNoouwd,"""raydiumlaunchlab""",DqdqMky3t7ZDFXeN8KPDamPo7Me4nFnq85AKh9nZbonk,So11111111111111111111111111111111111111112,AEcWhtkvsMg5Gowh1obkBUHsTasuYPKfd5wYBNnKgJ5g,CcWx59DXgpkcwWV6gXxjG6SnXweJUKkK24cMVMGztCW3,49.782435,2.524e-06,19475956.38059052,0.05134536,170.910005343,281214921.694482,10.654952003,999964105.808112,0.0,2025-08-05 12:15:09.312000278
41ZEQ9besvhFy6GMu4LCyqbZNr38eHk6Y3bRFUrPUgeoHq4D3D9BoHpa1VUCNYXYebXDipPvSGXEdqTPzXgh8irz,6zjwgtSDdCiLpEd6tvB1d6wTTEHtxhtBKMkp6Pk5VrYF,358030118,1586,18,8GbdcUSprTUYEudSTVdQy83cDgHk6EiAMJ6EyWNoouwd,"""raydiumlaunchlab""",DqdqMky3t7ZDFXeN8KPDamPo7Me4nFnq85AKh9nZbonk,So11111111111111111111111111111111111111112,AEcWhtkvsMg5Gowh1obkBUHsTasuYPKfd5wYBNnKgJ5g,CcWx59DXgpkcwWV6gXxjG6SnXweJUKkK24cMVMGztCW3,49.782435,2.524e-06,19475956.38059052,0.05134536,170.910005343,281214921.694482,10.654952003,999964105.808112,0.0,2025-08-05 12:15:09.311989648
41ZEQ9besvhFy6GMu4LCyqbZNr38eHk6Y3bRFUrPUgeoHq4D3D9BoHpa1VUCNYXYebXDipPvSGXEdqTPzXgh8irz,6zjwgtSDdCiLpEd6tvB1d6wTTEHtxhtBKMkp6Pk5VrYF,358030118,1586,14,8GbdcUSprTUYEudSTVdQy83cDgHk6EiAMJ6EyWNoouwd,"""raydiumlaunchlab""",DqdqMky3t7ZDFXeN8KPDamPo7Me4nFnq85AKh9nZbonk,So11111111111111111111111111111111111111112,AEcWhtkvsMg5Gowh1obkBUHsTasuYPKfd5wYBNnKgJ5g,CcWx59DXgpkcwWV6gXxjG6SnXweJUKkK24cMVMGztCW3,49.782435,2.524e-06,19475956.38059052,0.05134536,170.910005343,281214921.694482,10.654952003,999964105.808112,0.0,2025-08-05 12:15:09.311980521
41ZEQ9besvhFy6GMu4LCyqbZNr38eHk6Y3bRFUrPUgeoHq4D3D9BoHpa1VUCNYXYebXDipPvSGXEdqTPzXgh8irz,6zjwgtSDdCiLpEd6tvB1d6wTTEHtxhtBKMkp6Pk5VrYF,358030118,1586,10,8GbdcUSprTUYEudSTVdQy83cDgHk6EiAMJ6EyWNoouwd,"""raydiumlaunchlab""",DqdqMky3t7ZDFXeN8KPDamPo7Me4nFnq85AKh9nZbonk,So11111111111111111111111111111111111111112,AEcWhtkvsMg5Gowh1obkBUHsTasuYPKfd5wYBNnKgJ5g,CcWx59DXgpkcwWV6gXxjG6SnXweJUKkK24cMVMGztCW3,49.782435,2.524e-06,19475956.38059052,0.05134536,170.910005343,281214921.694482,10.654952003,999964105.808112,0.0,2025-08-05 12:15:09.311970472
2sQLhh6RfBfQBeyWTGorRdYvNMU5Ht981ESfgA1HfwKMCHJ33BpPiMhMZrqi1U5N5kmCnjufAbf2UHeLfGPZ9AzK,8ZUEU9EefyvrDzcNQdhTt2ysKwwPjeHQfZxHsZ5F7oLJ,358030118,1637,4,DsynwFasBb2ttg1QcNVvZxzee6Ce1bCK5rWUbuMcSG8N,"""raydiumclmm""",5qrWrsQ5ynivPkkzE11XUrxF9vMCpWvDhfyzF8QMAwm1,So11111111111111111111111111111111111111112,9iYKAY9pFcfLXSdVB85hqV3SF8vGirx9EQVc3NLMH2dB,67UKoF3fqD6UqLkcdvtJYuFTt9dAM6jaVA6wdC4zCEAs,5449517.857612,1.256027194,2.32e-07,4301570.663782511,170.910005343,147.829898883,608250235.114187,0.0,1000000000.0,2025-08-05 12:15:09.311964571
41ZEQ9besvhFy6GMu4LCyqbZNr38eHk6Y3bRFUrPUgeoHq4D3D9BoHpa1VUCNYXYebXDipPvSGXEdqTPzXgh8irz,6zjwgtSDdCiLpEd6tvB1d6wTTEHtxhtBKMkp6Pk5VrYF,358030118,1586,6,8GbdcUSprTUYEudSTVdQy83cDgHk6EiAMJ6EyWNoouwd,"""raydiumlaunchlab""",DqdqMky3t7ZDFXeN8KPDamPo7Me4nFnq85AKh9nZbonk,So11111111111111111111111111111111111111112,AEcWhtkvsMg5Gowh1obkBUHsTasuYPKfd5wYBNnKgJ5g,CcWx59DXgpkcwWV6gXxjG6SnXweJUKkK24cMVMGztCW3,49.782438,2.524e-06,19475956.38059052,0.05134536,170.910005343,281214921.694482,10.654952003,999964105.808112,0.0,2025-08-05 12:15:09.311960673
tBcyXYcWznR2iAqi4Kn7phPk55xRPWtfw32cYhGLW8tqQPTmRmXQxb2YSN7joZVp4uZ18HbtY2TLZELNYbJrDYW,2Bz6HUo2HtjLz6z9EFdrwvwAHGpEQqR8svYMhjiGiYgR,358030118,1636,4,DsynwFasBb2ttg1QcNVvZxzee6Ce1bCK5rWUbuMcSG8N,"""raydiumclmm""",5qrWrsQ5ynivPkkzE11XUrxF9vMCpWvDhfyzF8QMAwm1,So11111111111111111111111111111111111111112,9iYKAY9pFcfLXSdVB85hqV3SF8vGirx9EQVc3NLMH2dB,67UKoF3fqD6UqLkcdvtJYuFTt9dAM6jaVA6wdC4zCEAs,134.860231,3.1348e-05,2.32e-07,4301570.663782511,170.910005343,147.829898883,608250235.114187,0.0,1000000000.0,2025-08-05 12:15:09.311921710
2YC6pFHu7oamEPu8QzsnnR15gkSKbJ1t8CXTa9C9rwXU2QWB6yHvuSSJfCmR8cVJiwapbsC4o7YAZz4zvSo66v5P,GtdkzevZUdUFgzhMokk6uomJW2WuKLvmctFN96hCBmH8,358030118,1633,4,8CQqiuHrg3wXVrps58Btp6ap27i1Fe7r6fkdfdRdQXnb,"""raydiumclmm""",So11111111111111111111111111111111111111112,Bao9BEjnDAu6PAhC6WpaZnyucfMok4NzRMeVy636nzmk,B5S66vEJUbwk99j7GtkUZjP1RRVzYXMPASaTs8y1VXY5,9PDDJKJBGQVUPuUqrXVCMeXnMv1pNEMCJv3bCrFqD9RF,1e-05,82.772043,1.21e-07,8278032.88801157,170.910005343,110.017436577,887142426.99746,0.0,1000000000.0,2025-08-05 12:15:09.311904789
2HvpCVXSgKxTUPpwNuJBLuHcR8U6vXNsgvLZneyAZ7cKBaS92HB17cYmS6yyCCAcpvJuqGvT28jarApzu3KhKN19,7UUBze2dWHhxTg4JBxwQEcMJqUzSsGHAVzAX4R1Vxcdp,358030118,1634,4,DNxS3GzPBeX2D49yvLBL8MUPX92gVo56zbUpcM5kjqCy,"""raydiumclmm""",6tgNiwfJCZ8LNKuDqjGHQ8R6N3T2yMkvWML5Z4dBrypt,So11111111111111111111111111111111111111112,64V3szn7hFkw2KLtmZRQZF4kGKpqJWhz8Pu4JowCPtbu,9VgNYCsUbYwy2yP3HmC6diyKMusTXFHYSM2ahfCdArxt,6383797.214723,1.459128242,2.31e-07,4331232.132344875,170.910005343,146.653476542,611323328.723154,0.0,1000000000.0,2025-08-05 12:15:09.311885893
5XBpMAFRb1k84362knKUJTZngqYEXT9toXoqiUeKL8XcPS96sjtoD6YV15khc3Kxcqp6Nxatg5mqdAHBd9iupKwH,ARvbdSRfYe2rmF6h2feLDcHaUnWBPQERCZQm1ui27crh,358030118,1635,4,ALovMiUkM4rEUXK92s2msn3tUecnfYVzLqQ2BcJmNqrk,"""raydiumclmm""",8G4JN5Gq65PXiho4ShQTCWaRxJkzdSQDJq7Vb53Wi1vp,So11111111111111111111111111111111111111112,B2b41W7MeqYdYbFbeZyunb2a5ZrDKtwr83Tu5Rx1jUk,FTJ4nX3YkCvvfcGs8zRR1rJiGjyhpfkXxr99bs6cjT5Z,2362861.201907,0.251322908,1.07e-07,9375433.34274534,170.910005343,92.506458689,842911717.703205,0.0,1000000000.0,2025-08-05 12:15:09.311858452
3QqPUyta1mdFqP5MM5MwcbpoqhGSU5FikNyJYJCzLVgnHhUDXTW4BpTmw67BNmQjEkVsCf3YiLdXeX7aHpJpZ563,Gfq95G8njyWE7PLYGK9epEupkHVXjDG6cXawwE2JVQ5h,358030118,1599,8,4w2cysotX6czaUGmmWg13hDpY4QEMG2CzeKYEQyK9Ama,"""pumpswap""",5UUH9RTDiSpq6HKS6bp4NdU9PNJpXRXuiw6ShBTBhgH2,So11111111111111111111111111111111111111112,8SmW82qNZ7BpdBp5PZk7znqt3VswFzX3nkRgHBBE1x4e,657gpdF5TtxfXaW88MwuideK2pWhwRyoiVNnLDzS5q2K,947.468478,0.676849379,1395.704979707,0.000716484,170.910005343,15956796.129297,11432.785840347,998982296.325627,0.0,2025-08-05 12:15:09.311808598
4KqKBE6wJDjCyrvLHBcGrZ9xM4evDm18aUMRhbAbVy9JKTSBXMQhrGEuuWDseFzaKpEyS6jKcGic6GFbiaSaTR68,3HQwXWVkMfZwfexHdmbvk3TTYMvbtmGbnsQ1nFx69J6j,358030118,1581,7,5rxx6rbzFpaPwt8W6WmeMcn7EPuNLTDpjv8bypEfnqtq,"""raydiumcpmm""",xGPMieA2M8aUrfp7MMsioSLanaXWwS7rVxYcvrMbonk,So11111111111111111111111111111111111111112,7QKH39aUUpPwKCL91E2af31ZGpiQZj5RKNhh477UJDXg,5YWrW4VhYLutXdkaxGhEYZAATzW12JYPMFvdFZpVFywq,13083.8,0.200353533,1.5347e-05,65160.414652772,170.910005343,650.399859465,42380324.532844,0.0,999998841.386343,2025-08-05 12:15:09.311480612
5fSWUMMRaptA4SiYmefKXZ652AUWWVkkKew5s5JnidSkSywD4somm3eWySR4mR6ncwGugUgU4gG69uhyUXA72J7S,3yBv4cgPvwjpWi3ZKkecB2kUNdSkkLjPw1TodaN6JSpS,358030118,1641,7,6HfaJiUuTXFZEfmdkQSNbvfe6i95Nh2wUVJ5dWMf7gtw,"""raydium""",zGh48JtNHVBb5evgoZLXwgPD2Qu4MhkWdJLGDAupump,So11111111111111111111111111111111111111112,FNf64x718L4qTbEQYD8uGpCkKYiyWTKYN5jVtFBSr6y,EJnABEGAPzuBXLQADBCuvAkRMjciPS4YRt8VWV2hiCpJ,162.596202,0.006565617,4.0481e-05,24702.825374478,170.910005343,2580.028302688,63733988.622513,0.0,999826233.467439,2025-08-05 12:15:09.311405050
3gmWBQuXctMnhDtMj7R5jQaVJQjQ8ingKAenSGAqX3xWhWXE5KbVXVUDTWpdhK4kgJYzxPa4mpeSjeKnj1Y6ijJv,7cKpajjGxoDpUPKQYPBHJqyuK6273iXhMtdjwk5qYbsb,358030118,1631,2,5AfBSWVouTj6pnT182Jnr6cfT6zLXg66rs4BZyXgXv9J,"""raydium""",3zqMka4fvnckBmVbrpj9e5aKBsWzTKfv4DyJMgfYevtZ,So11111111111111111111111111111111111111112,DquMek7fKauzHiHvjhHjEihEVbsirvcyEBxAday8DXNg,3C1XbfYVDvYxJ1UXN5zw3m3yjJoLCm3Wt5e66U8oNQ99,11.770521,0.020671345,567.949417119,0.00176072,170.910005343,169047.085524,297.64461487,10000000000.0,0.0,2025-08-05 12:15:09.311403828
5KAZjR9BKqez4QwqoPBYLpfGRi3PM3szh32r5ibQfJx59gT3eWABQk6nVrzJ8RVGDvAbpvVsNWtSVEuKGuePZUPy,BRsFASJ2MJoRFWnH8NU2WWkFpnHCvofNxvPHe2BWxLRV,358030118,1565,2,FpAvhZQWjZzewxtkEfRQrVQj5spEyt5HXfWf4DJmDbTn,"""raydiumcpmm""",5mMrEEDRyFutXr7GB4NdJLkhRDQzrK5VC9Qc3Tr8bonk,So11111111111111111111111111111111111111112,3PJSdXiwjEeiuUhY9T6ATLVXx4nBFTreMY2xi4AHA7mX,6ieVdAVGGcvgySyNLPaeUmXyq2hdD6LM2XYjWokkFPqR,172459.251654,2.603194843,1.5216e-05,65722.297222875,170.910005343,619.173235249,40693487.399484,0.0,999995824.848527,2025-08-05 12:15:09.311321213
26wmMSQZwycwHzxz1YBA6B8xPZQ3mt8MAdAjxJp8YcYVbZz68W29isVbyLyjVJFRFbwTtBHU2k5DcbXahtcCKg2t,BRsFASJ2MJoRFWnH8NU2WWkFpnHCvofNxvPHe2BWxLRV,358030118,1564,2,FpAvhZQWjZzewxtkEfRQrVQj5spEyt5HXfWf4DJmDbTn,"""raydiumcpmm""",5mMrEEDRyFutXr7GB4NdJLkhRDQzrK5VC9Qc3Tr8bonk,So11111111111111111111111111111111111111112,3PJSdXiwjEeiuUhY9T6ATLVXx4nBFTreMY2xi4AHA7mX,6ieVdAVGGcvgySyNLPaeUmXyq2hdD6LM2XYjWokkFPqR,25769.773236,0.39087376,1.5216e-05,65722.297222875,170.910005343,619.173235249,40693487.399484,0.0,999995824.848527,2025-08-05 12:15:09.311267352
2nboSqVyWpoweHEvRf6feYvYjXP2pTuNXuLhZFWFCKUPbniXR2QfgjzAm3cCGLFZyhV1VHdUULGKUJnU5XrhXsxz,BRsFASJ2MJoRFWnH8NU2WWkFpnHCvofNxvPHe2BWxLRV,358030118,1563,2,FpAvhZQWjZzewxtkEfRQrVQj5spEyt5HXfWf4DJmDbTn,"""raydiumcpmm""",So11111111111111111111111111111111111111112,5mMrEEDRyFutXr7GB4NdJLkhRDQzrK5VC9Qc3Tr8bonk,6ieVdAVGGcvgySyNLPaeUmXyq2hdD6LM2XYjWokkFPqR,3PJSdXiwjEeiuUhY9T6ATLVXx4nBFTreMY2xi4AHA7mX,0.798299774,52402.465146,1.5216e-05,65722.297222875,170.910005343,619.173235249,40693487.399484,0.0,999995824.848527,2025-08-05 12:15:09.309413372
VGvKsWErB7P7boAUJUhG4JTKx4HvGqtkPqR7PxGfyYoV8DB7Qvse7JEnM3eSy2XCEeJfYTJMkbvk4bbBFQf3QZ1,BRsFASJ2MJoRFWnH8NU2WWkFpnHCvofNxvPHe2BWxLRV,358030118,1562,2,FpAvhZQWjZzewxtkEfRQrVQj5spEyt5HXfWf4DJmDbTn,"""raydiumcpmm""",So11111111111111111111111111111111111111112,5mMrEEDRyFutXr7GB4NdJLkhRDQzrK5VC9Qc3Tr8bonk,6ieVdAVGGcvgySyNLPaeUmXyq2hdD6LM2XYjWokkFPqR,3PJSdXiwjEeiuUhY9T6ATLVXx4nBFTreMY2xi4AHA7mX,1.539569238,101443.917333,1.5216e-05,65722.297222875,170.910005343,619.173235249,40693487.399484,0.0,999995824.848527,2025-08-05 12:15:09.308977524
3SPtibTGgEene3T4gLQw34mcT2QcifwGv87CQT6xsa2H5QtnrswqCZiNrNFAzrXBwj9p1YGpxPG6dH2QziBXGMqW,HeEMn53oRU7tsbqtG3BXhkDb7Tq7f8imsd9MXtxpVXwm,358030118,1560,7,5rxx6rbzFpaPwt8W6WmeMcn7EPuNLTDpjv8bypEfnqtq,"""raydiumcpmm""",xGPMieA2M8aUrfp7MMsioSLanaXWwS7rVxYcvrMbonk,So11111111111111111111111111111111111111112,7QKH39aUUpPwKCL91E2af31ZGpiQZj5RKNhh477UJDXg,5YWrW4VhYLutXdkaxGhEYZAATzW12JYPMFvdFZpVFywq,13083.8,0.200477137,1.5356e-05,65120.246074211,170.910005343,650.600212998,42367245.966364,0.0,999998841.386343,2025-08-05 12:15:09.290696337
4BZWDDgmmSHFhdgWvb5u5RdqQgfMoW1zKLSiLbw2v1VkpSAhm9jk8roY69PEk8MaLxFZD99Uck6e9wa7vwVKHzDm,BRsFASJ2MJoRFWnH8NU2WWkFpnHCvofNxvPHe2BWxLRV,358030118,1561,2,FpAvhZQWjZzewxtkEfRQrVQj5spEyt5HXfWf4DJmDbTn,"""raydiumcpmm""",So11111111111111111111111111111111111111112,5mMrEEDRyFutXr7GB4NdJLkhRDQzrK5VC9Qc3Tr8bonk,6ieVdAVGGcvgySyNLPaeUmXyq2hdD6LM2XYjWokkFPqR,3PJSdXiwjEeiuUhY9T6ATLVXx4nBFTreMY2xi4AHA7mX,0.67117202,44382.642411,1.5101e-05,66220.703435222,170.910005343,616.836301383,40847333.781963,0.0,999995824.848527,2025-08-05 12:15:09.290673384
2cJFLUJtxRndY7aKmpVcJPitRy65xtuepacwVMvszgZNCGF6aN5CmZeqs4wcizrAGBpqR6BnsqXtY1pDfXrYchJE,7cLUZYnG82ptrZWZAFwjDagfXcYH7V5XtZcYGpbPmTHb,358030118,1569,9,6JqR118JjMCRdoLdcZkjEyftr5N4DEEcYZrJCJ99axCj,"""raydiumclmm""",So11111111111111111111111111111111111111112,8tcbdf38h72CtkqqC2LWWx7kzzTinjogZhzS2K9e9zZe,grD4T8xFRsFEdm5DvmWfVbZVBNqogX54hhfDadLwbSp,25zvDAXucoxeZRTb5bLjGLDsCxV5REPndDBRfP8ktRL1,0.025,245130.298207,1.02e-07,9803811.95515066,170.910005343,101.94117,977560367.214348,0.0,1000000000.0,2025-08-05 12:15:09.288521655
2C5oJCnXaZXkxrq6i5Hq1HRbVvTcKM2hgjudAsYwLb9kqfZjiG6z62sHvs6gVAp2zmbw4P6TWmQRvnzp2r6M3p9f,HV1KXxWFaSeriyFvXyx48FqG9BoFbfinB8njCJonqP7K,358030118,1548,9,B1wSsURackicxnrNjmxZAo97NCwCbXJueivqaf1mvFSM,"""raydiumcpmm""",So11111111111111111111111111111111111111112,4cVENSGqpBQQTwCHJuGhJbqfWxBTG9mz6RpvqRckbonk,84twwuTim6ywfaqNaomm2UbHrCW7dZXwFvr5Jn8Ui6qJ,DMMtju4L9aQoFXWXHwD3ASFi2ybHktm5kSCHNwv3DNFL,0.444794578,964480.274418,4.62e-07,2163538.538344711,170.910005343,94.12518727,203643470.087558,0.0,999994739.216603,2025-08-05 12:15:09.288405297
yxs6akTAFLEBYF7dWnZqKCyTsTEmyu5f9JubsWoBcGSZFNuUY7kq1izhFLXZvBdbbe6yQLWDtvffwrUJXrTjnJ3,Bd1ALzwuiJEjVkTntNKwoKrgr5W2hkjAah9YXMqQQs12,358030118,1539,2,EvLUMU65RwCcBVPEHfJbn8Kc3QGKCbBQwdFVt2H2JmN1,"""raydiumcpmm""",4tBWabkFuVbVnX2qQxVPdaSL9s7xmH175vEJ1KS1bonk,So11111111111111111111111111111111111111112,26VnQXScV2fy4wdeTEoRu6SxD4FgoHZfYjnDsc5NfnMN,WAxs6upYfzZQLehcevZxGNq2bU4gJVKhqXJTUmnwEVb,295207.260452,0.718965223,2.434e-06,410927.593728691,170.910005343,217.954971077,89563711.805878,0.0,999999896.136252,2025-08-05 12:15:09.288403283
cC21gxNy27kxcKEkF5QB9ckSbRSTj7SxCccZy3Pq31gG6yaJoYw3paxFeHRd9eKqNxXhvfBX64XHKrsJ8CW2zbu,FahdMJr1G7S4vTaqQx1zXiNqSQna52r67Chu7AYYX7uq,358030118,1578,3,AwooG9nvMkonzL22ePz8CaKaHtFU6TvA3jXnnSpXNxjJ,"""raydiumclmm""",So11111111111111111111111111111111111111112,vRseBFqTy9QLmmo5qGiwo74AVpdqqMTnxPqWoWMpump,6EqBZgDGD5Sdr12SYuze5DG8G6Wmq44er3TzHfuXCL2b,MejdwgpFxLAMwtUjUn8JmsKrDiedxXbFkD2JfC6UuZ6,1.114905643,971.553149,0.001145263,873.161666742,170.910005343,1204.83110702,1104748.683398,0.0,999999812.675091,2025-08-05 12:15:09.288017398
6Ny37NqQDmSBUJ1UoBAFWdF1n66hoYM7t5xg6nCMdLsoUgUbgR8zAEYECZ5F4avJw93g7UQZ98iqM1LzZmt9XsK,CXRyTL7rDkTw6AS7KEdVSmSbPn3HkaWqFMfybwnGEak3,358030118,1550,6,FMXomDch6MFw6BjRoBRce6ErC6JrfUzV6hhgyMAqQ2ae,"""raydiumlaunchlab""",So11111111111111111111111111111111111111112,A7bxnnHERCxWgYQ6mSMZeXW7B9Z7bByiCkUoEipjbonk,5X5vzni3G8YPMQtxTZihecw88VKrFFYT34nCcnnA6LTE,6k3rcCDPQRME7k1xqomBLmVZiWN93rCj4dsY2kWpuoyi,0.15,3133618.950493,21075054.778917518,0.047449461,170.910005343,249350007.246519,9.082110628,1000000000.0,0.0,2025-08-05 12:15:09.287976251
oLQU4A23VBRNpRCvrYwUF7AATEU8H5pGZNUu644YyC1Abd8cmG1gVoSQEq4YTKNPPYoMXAx6E2dw9hG9N4tHCHE,BH9EpdCzer4wkVYFZBWsXAAz4JmwJ4Rr1SmLH7hjGG7A,358027833,469,8,DVW3dzLgThmR9rXDFGZ35Ni8ARzTTa5zbpsYuVByf9Ww,"""raydiumcpmm""",uUN1ySW19cqMMPGfKGaKnL9zheGM7hzJBBzgN1nbonk,So11111111111111111111111111111111111111112,D3oKqxbqLApvL5W5z4w4KPwWW3eyQWDAHom7xskYS4xn,6LCenTU73gSwkKo1frZtqNEi4YBZdQTEbU26r4o57sip,4266381.587094,4.749809153,1.082e-06,924407.918557601,170.820275926,149.99673045,138658165.38573,0.0,999999999.999999,2025-08-05 11:59:59.980135691
5vwSJBJVSGsEAXHpd24JFP5bJXZRjbJzbTuxbF2dWUpgPVkBhyYuTcV4qPW773wqtiRhEP3F83xGkXnwK7dYEdqU,D6ozhgeKwQkm7XUN8tMyUz8eXUoFLv8BN9rivAdEiYte,358027831,1445,12,92dtyo7C3fNpvAA6TVwTUwkDc9rLr5DWDjhbe7z7H4yF,"""pumpswap""",G1ho5L6wbynoWc9PwbhUZfJsf7z6X8BDEu8QhFCKRYA,So11111111111111111111111111111111111111112,5JZK5ZdFzrwq6FAgwXFNmQNP7cve5i6zbUhnoYkWnC69,2YCQnyk8Pxzdhr9VmLYXaUS8zbgb7Cr9SNxB9jPGidMi,52.097963,1.054e-05,4926558.577786966,2.03e-07,170.820275926,316834493.084936,64.311524583,999258094.830833,0.0,2025-08-05 11:59:59.975566419
5vwSJBJVSGsEAXHpd24JFP5bJXZRjbJzbTuxbF2dWUpgPVkBhyYuTcV4qPW773wqtiRhEP3F83xGkXnwK7dYEdqU,D6ozhgeKwQkm7XUN8tMyUz8eXUoFLv8BN9rivAdEiYte,358027831,1445,6,92dtyo7C3fNpvAA6TVwTUwkDc9rLr5DWDjhbe7z7H4yF,"""pumpswap""",G1ho5L6wbynoWc9PwbhUZfJsf7z6X8BDEu8QhFCKRYA,So11111111111111111111111111111111111111112,5JZK5ZdFzrwq6FAgwXFNmQNP7cve5i6zbUhnoYkWnC69,2YCQnyk8Pxzdhr9VmLYXaUS8zbgb7Cr9SNxB9jPGidMi,43.477202,8.797e-06,4926558.577786966,2.03e-07,170.820275926,316834493.084936,64.311524583,999258094.830833,0.0,2025-08-05 11:59:59.975559977
2EMgqTv6JB1yVZcinvYHKbRXBKpr6medHUSC9TbcxrVBv2CVQYKKQyJieWJmsWomeMTsvaLRSt8fePtHnuZtEVQn,Ew8mbrKwD6LGaSX28a6XGmXqeQSs2hykRibjXVhftTRC,358027831,1436,6,3kqsGBAkBwggK92dpHwLsWnyxeWYdvR93CNt7jx4cAm4,"""pumpswap""",Bap7QwJMrbyjDkpEUupwV7SJaeNKnnPhbw5gkjMqvurp,So11111111111111111111111111111111111111112,BoRVDxtbHtT9vrTBJuRMRG3SiRKDNKDCPx9nSzqom2XP,zbfwtqTidpy7m3XrDvA4LRMfdBZ17rz21sMKES4KuaV,4392.78042,0.026438967,6.03e-06,165845.669976937,170.820275926,149.704127139,24827781.26368,0.0,1000000004.0,2025-08-05 11:59:59.974710262
4YbtrPyE9dfn7t9h78RVsKpL5JZ97BN1jM1aBLy9cCSjzd378FSoS63iuqE6gYcgxaTvqkhk3LH7nrkFFH32WSS2,CJqEKmGXpatE4x1hAiGCWYdcs7R6h8CiiVo8fx3NLEkF,358027833,77,4,DNxS3GzPBeX2D49yvLBL8MUPX92gVo56zbUpcM5kjqCy,"""raydiumclmm""",6tgNiwfJCZ8LNKuDqjGHQ8R6N3T2yMkvWML5Z4dBrypt,So11111111111111111111111111111111111111112,64V3szn7hFkw2KLtmZRQZF4kGKpqJWhz8Pu4JowCPtbu,9VgNYCsUbYwy2yP3HmC6diyKMusTXFHYSM2ahfCdArxt,1167.159791,0.000160125,1.37e-07,7288325.24280883,170.820275926,112.867709125,800106930.114905,0.0,1000000000.0,2025-08-05 11:59:59.960848747
5g39rzYw9JL1TiE39AmbFgQVifjKBu8aLCyFKd4Etr2djS6urGxWb58JiAysVDPZCviRfRMANMEQ5XZDrDMKFaca,6x7TpDvJsBYnsh66HTDo6PqJ7dNV7fTtMw5vGgWnRiY6,358027833,85,17,3nMFwZXwY1s1M5s8vYAHqd4wGs4iSxXE4LRoUMMYqEgF,"""raydiumclmm""",Es9vMFrzaCERmJfrF4H2FYD4KCoNkY11McCe8BenwNYB,So11111111111111111111111111111111111111112,2n6fxuD6PA5NYgEnXXYMh2iWD1JBJ1LGf76kFJAayZmX,AbcuyoPeYnddzFoFQudsiFka8qd6tTwvLgxwtpTKTpKC,56.883357,0.33287316,0.005852359,170.871273012,170.820275926,3766.165353958,431315.184952,0.0,2389926650.749396,2025-08-05 11:59:59.956726032
3mvXn12HEUz8Lsh7MQrwyS4sYqNQ7Y8XxR5LUEyhF1tbJa7xrq2KiyFghdFAPPR1MV6t9793xKqT9k12iqWMYbaB,EE2uwJJkEFCE6Ri46eWYuiMVJQHibkdjsgRCDQwq3hSq,358027833,56,12,EBFxzzDrSaEqFxB4YioY88DSRQAwBYnf7yd6Rvj3bRV8,"""pumpswap""",84oEYUrJLwu75ya2wzR7jPBUZeCx1swEC2Ya5DJW9HmA,So11111111111111111111111111111111111111112,4NFWMPjomTsekbPXuUuakyd3Dt5cccA4hBjYWo8b5RS6,CoKiREimRxc5RTr5pwAW1PWVvxVn3ZQmRwFYHqQvuNuV,20548.118898,2.013171827,9.5473e-05,10474.172992603,170.820275926,71.856659425,752639.081488,0.0,1000000009.0,2025-08-05 11:59:59.955371070
3mvXn12HEUz8Lsh7MQrwyS4sYqNQ7Y8XxR5LUEyhF1tbJa7xrq2KiyFghdFAPPR1MV6t9793xKqT9k12iqWMYbaB,EE2uwJJkEFCE6Ri46eWYuiMVJQHibkdjsgRCDQwq3hSq,358027833,56,7,EBFxzzDrSaEqFxB4YioY88DSRQAwBYnf7yd6Rvj3bRV8,"""pumpswap""",So11111111111111111111111111111111111111112,84oEYUrJLwu75ya2wzR7jPBUZeCx1swEC2Ya5DJW9HmA,CoKiREimRxc5RTr5pwAW1PWVvxVn3ZQmRwFYHqQvuNuV,4NFWMPjomTsekbPXuUuakyd3Dt5cccA4hBjYWo8b5RS6,2.023288269,20560.36661,9.5473e-05,10474.172992603,170.820275926,71.856659425,752639.081488,0.0,1000000009.0,2025-08-05 11:59:59.955364568
bAo4vW3eBrb5q5mHcu73PkexHB1zZvAsBcSW95v8JshawGtGTjfCL3xfTbPZ9jddrdZs6vforWgPJzqYfU23BFy,99FEe6Yt4igakarPdkohqps3r5YFbbqE5pP5MyF3ZFRq,358027833,64,9,D6bmarrDVAqxmwP9TxfgQb4aor93S126hL9oV5ziCcdC,"""raydiumcpmm""",So11111111111111111111111111111111111111112,Bf5uwQqUmtHLPYmGvs4z3Y56QtXgv6ApwQWo4aVrbonk,26xDWhgg2dB64driPm36UJxbQqqQR39TPip7Fm2f9vn1,8BYFcLcKc63VPZPPiwnx6ZiHVdVvHtT1epPLC4S8YwMX,0.010547364,3342.066633,3.148e-06,317646.815043891,170.820275926,332.162199006,105510264.592231,0.0,999938308.539279,2025-08-05 11:59:59.953605537
myPKWmw61Pj77P3VLCdpCXh7KCmckjEwcUU4xEuVzcUJuo2wSvWAEaNhnJ6H1qkZz7NnrRszrjRoYant3j9iZng,EbuBZX1fcr6XxpYSs6LyZ934mwgcmeDnmFQTuJvMQnrR,358027833,54,6,4pVMmsjbNiXqbTK2zDB1KtuGiFF3gTVKWxhRKjDqy8vE,"""pumpswap""",FA2crCVcKKcMLUADZsLvB3jQa1ZePEbjRN2R7tw2j1Vg,So11111111111111111111111111111111111111112,FKMLyc8T8yNCoqxoJJ3s66WAsGcJuoRPXmeL3JdpdKi3,CH2VuLadm3K82k2ooNTELGXh99s6JY5eKphwzDY69YiF,917635.62514,0.315543338,3.44e-07,2905158.869240077,170.820275926,321.901741414,935175699.092708,0.0,1000000000.0,2025-08-05 11:59:59.953528523
4buyigP8hQ1wa8HkLa1cxxFiFDvkNYfRZBadf5EBEeLALhBoYRzQRTGTjwJTWCdVkb22LT78eHNvnXS8Z5R4khoN,g8w2zwbK3bjCLy56J6V3QSgnzVp9XmoQRJQEpTgYZh5,358027833,78,8,9HjmLkMDiLtMXYx6BGd5Hwtu76XnjFJ1RL3eyAQmsR1y,"""pumpswap""",So11111111111111111111111111111111111111112,HrknE8JWVrBURSwV9XVdZ4GiWBCqtVuFRv6QsTzMtuCF,Ha91ggMnqQeXDNS6vcMsNmD1HSeAppGqvtkhEvhE7YPe,GwGegFka3KhBaqbfYnvqkSVxuz8geXa8BsidhRyhGHde,0.319252477,765742.115076,4.16e-07,2402319.498780864,170.820275926,342.167800247,821996378.388324,0.0,1000000000.0,2025-08-05 11:59:59.953353715
2xGGYpdT4F53p64x6x1dvvs9WKvFjw1648NRp6JD7v7sjGNiST5CFCF3GWEUWt9s65oBsRHaXq3MCNsWARFC8V5p,5mDn9CxwiqLjepdSCza1HPoduGzZmVdGLthtcvcE6BEY,358027833,52,6,9HjmLkMDiLtMXYx6BGd5Hwtu76XnjFJ1RL3eyAQmsR1y,"""pumpswap""",HrknE8JWVrBURSwV9XVdZ4GiWBCqtVuFRv6QsTzMtuCF,So11111111111111111111111111111111111111112,GwGegFka3KhBaqbfYnvqkSVxuz8geXa8BsidhRyhGHde,Ha91ggMnqQeXDNS6vcMsNmD1HSeAppGqvtkhEvhE7YPe,2359148.67006,0.98105623,4.15e-07,2406804.15260269,170.820275926,341.84854777,822762504.334035,0.0,1000000000.0,2025-08-05 11:59:59.952082039
39uA4CUZNpE9ngGtXBq8ABu7HEdcX9p5QHcjAzdR9pL1q3QAnMBoiAhQYQt5bxkREKLpdqWzzXrVti4D4TuqFtcx,Kr2u5f9URdxQFvExBPPB3qdFFSBzEpS71ByaAcLT3WY,358027833,50,6,2mn47Jb8uUHU9wKhmFrFCFUfLNmGypNeY9n42NUzGdGo,"""pumpswap""",Ghv5B5rjwtfxKUHFoLwtpeYAXk3pRt2c4pNC5XtGvgKf,So11111111111111111111111111111111111111112,9HzTFhqnmzD2auUrm8c2bqXNjypfE97YhcYrkkb3qKF8,4oS4t7BBqrXmRHdHSyzhU2yj9qcLHvqgLpkNBemdJv2U,2941487.3038,0.351683986,1.19e-07,8376390.609437888,170.820275926,101.157533688,847335015.25806,0.0,1000000000.0,2025-08-05 11:59:59.951679213
4FUPTtZMdWYznrjbeviTLYka2rDVmdibuzSCtybvbJq4ZWS9CNT5Hdbo7G24mZxiR6sfwRBxzMhmFYSt54nUCZ25,DYhp4qjPL9LnU7U8XewmqmtCGEvbMoNbYX1JFvYRsxBn,358027833,48,6,9HjmLkMDiLtMXYx6BGd5Hwtu76XnjFJ1RL3eyAQmsR1y,"""pumpswap""",HrknE8JWVrBURSwV9XVdZ4GiWBCqtVuFRv6QsTzMtuCF,So11111111111111111111111111111111111111112,GwGegFka3KhBaqbfYnvqkSVxuz8geXa8BsidhRyhGHde,Ha91ggMnqQeXDNS6vcMsNmD1HSeAppGqvtkhEvhE7YPe,2427444.850031,1.015358604,4.18e-07,2393035.333272954,170.820275926,342.829604,820403355.663975,0.0,1000000000.0,2025-08-05 11:59:59.950169301
5Sdctrtsu9uwPL5jjnVyV53YGLR53LdAzCZCRrumQ8yhKdsHn5UHp2tTipTP3s1sCSfRL1H5ZJwnEaneQkj83qA1,E8NHmktynMeoPiBWYyKPMoRgjG9BYBzcD9ef19nvXwU5,358027833,46,6,9HjmLkMDiLtMXYx6BGd5Hwtu76XnjFJ1RL3eyAQmsR1y,"""pumpswap""",HrknE8JWVrBURSwV9XVdZ4GiWBCqtVuFRv6QsTzMtuCF,So11111111111111111111111111111111111111112,GwGegFka3KhBaqbfYnvqkSVxuz8geXa8BsidhRyhGHde,Ha91ggMnqQeXDNS6vcMsNmD1HSeAppGqvtkhEvhE7YPe,1643622.14351,0.690923483,4.2e-07,2378909.100832145,170.820275926,343.844962604,817975910.813944,0.0,1000000000.0,2025-08-05 11:59:59.949276285
47Do94ySCP1NzaYQyxrArx8Y6bwXUjw7dz9WffGSzvpPZm2ocqLrYyoZUC9rCinFJUsGNPPttKDJrPHtCnAYLCvk,Gx6T84YJQ7QhXqqMqjC8dXRfdacv3bkaAnpLSYMD5zQy,358027833,44,6,7cQqKJcqhNdBrViSoZYHsMNB783Gp1AY8Na4nypqRMLA,"""pumpswap""",Aoe4e6wmT8Hwf3run4yJXyPZvozEGurztUSyHD4MSjb9,So11111111111111111111111111111111111111112,6pQChc9uDxxdfTuUcWR2Q4hpnmPKg5Td8xdfDfK4UCkj,GdAEPrburG2v4h4Ewgs59SakBkZTpjBwp5ZHRqKuXQvB,3188848.378923,0.366807771,1.15e-07,8708427.90708241,170.820275926,98.828335275,860639432.919307,0.0,1000000000.0,2025-08-05 11:59:59.947777534
2L4J6gm6RGwfW1Gh5iqBioK5mZUZatU6PNAM7uQtLoRRt1TqfhhEUoVtgafk7wfG5GkRRwi2hziPREE9yPt18AUn,4eJcG4esZURqaBHz8FmeH5SgcC5Bzpn8KRLnvWdYoi6j,358027833,42,6,9Q3XiZTViC42qcDU87pYrcfCY3wup2aGDuTKs6ad1kEa,"""pumpswap""",2xwuegthvE8Qj7mRWaagpfJe6GDSXJwebtPNGKN6uWFr,So11111111111111111111111111111111111111112,ASLtuSN8RGCLNyx4ZGDPxtRr7duY1oKD3mFgiafg7kkJ,H1ABFXQSBSWhAcVjVitmU6o4fQDgb3cVGxVDVuAsX4x,10708.821476,0.009902633,9.27e-07,1079267.353728352,170.820275926,747.159749364,806385125.508423,0.0,1000000000.0,2025-08-05 11:59:59.946882324
4WyBxiCXnrvyijjgfK2tCMJcgVaY3vvTg45QLNyE8nWrgBrSMKLrYVf8GqokKpBxQC3Qiyu5Jghrw6J8Att7RQt3,4xeEwedNijy4VGn7JJALwLdRqrJhGtror6tYcYVBBc5u,358027833,40,6,7cQqKJcqhNdBrViSoZYHsMNB783Gp1AY8Na4nypqRMLA,"""pumpswap""",Aoe4e6wmT8Hwf3run4yJXyPZvozEGurztUSyHD4MSjb9,So11111111111111111111111111111111111111112,6pQChc9uDxxdfTuUcWR2Q4hpnmPKg5Td8xdfDfK4UCkj,GdAEPrburG2v4h4Ewgs59SakBkZTpjBwp5ZHRqKuXQvB,1764643.267795,0.204157441,1.16e-07,8644078.3107975,170.820275926,99.195143046,857450584.540384,0.0,1000000000.0,2025-08-05 11:59:59.945814581
63RJeEwPi2VS15CWeKhSXGG3dEBRj1BhxCqiRdduXrtuMDZD8pSTJRZEgkBDfb9amW4GMPFXEVzGLLuHtHQZCRvC,9DxZQ1FZuxFV3hoVaVb3m7759SkABRdxepZX28fwEFJt,358027833,38,6,9Q3XiZTViC42qcDU87pYrcfCY3wup2aGDuTKs6ad1kEa,"""pumpswap""",2xwuegthvE8Qj7mRWaagpfJe6GDSXJwebtPNGKN6uWFr,So11111111111111111111111111111111111111112,ASLtuSN8RGCLNyx4ZGDPxtRr7duY1oKD3mFgiafg7kkJ,H1ABFXQSBSWhAcVjVitmU6o4fQDgb3cVGxVDVuAsX4x,9491.461771,0.008777139,9.27e-07,1079238.717112917,170.820275926,747.169651997,806374416.686947,0.0,1000000000.0,2025-08-05 11:59:59.944815166
zcMy38pSidHvAWn5EGBdpYQ9e9moWkgxi5anr4V1g4fuTstDCFhxTitQJLeD6yUwAwVWFd1buMDuDbbTwyfTGqY,HcUongEvqzHdYFpJXxJRDT51eh4FqagyrktfsMSUJpd6,358027833,22,4,DsynwFasBb2ttg1QcNVvZxzee6Ce1bCK5rWUbuMcSG8N,"""raydiumclmm""",So11111111111111111111111111111111111111112,5qrWrsQ5ynivPkkzE11XUrxF9vMCpWvDhfyzF8QMAwm1,67UKoF3fqD6UqLkcdvtJYuFTt9dAM6jaVA6wdC4zCEAs,9iYKAY9pFcfLXSdVB85hqV3SF8vGirx9EQVc3NLMH2dB,0.02,78787.379255,2.54e-07,3939255.297375677,170.820275926,154.40706337,580245253.969111,0.0,1000000000.0,2025-08-05 11:59:59.943959691
5FB2CymPzaRPjSUy9Hd75ZVcKMyKDybcu93yLGTwXmLidtYPcDEWtPCVh4VehFpToWsLEiwVbnxUXFmBR8usoud3,DtZUYXweccZtVyndyVcCwYpzwvgLDiWqnkaEwpyJxrjN,358027833,489,3,65WV7YNnzYRoT2bcKjVDfgrLVVGbQWQaJpJhcjEUNiGo,"""pumpfun""",So11111111111111111111111111111111111111112,Az5MVCdkTF8tAMaeA5a4ph3i7wmLP344DLLkVrTBpump,65WV7YNnzYRoT2bcKjVDfgrLVVGbQWQaJpJhcjEUNiGo,6587C1SVkAshWZG82yCs2BytLYhX5qoPaRcovWXjh5K8,0.004950495,175989.631535,2.8e-08,2.8e-08,170.820275926,30.093796828,1069655656.54815,0.0,1000000000.0,2025-08-05 11:59:59.943920517
3fGaPnBb9Bdab9pEFEcg19mXL7FhkuQhnwqHm66RTn6x6y4uGVtSdBuVKPcm1T6R3f18SB5fJ36gkwWE4ZTFmpgJ,Bn9bs3rzmNExv8i8VFXfDQ2xEKC9TREaRY4GH193Eqh,358027833,82,4,66YKNpD2SThYCVMxqaRUZ9PUJRFAsuTiG2uRXQgZozQb,"""raydiumclmm""",ykQ3AFUgVqorXACwyVk2gLvSm6PehrYkGey9N2RoaRE,So11111111111111111111111111111111111111112,DNBUzMsoAmchXa1rKNvBnnPgMpuXT81D3M89ahVPGSbL,4Z1wWNbnqbDfjfS3nNY4kUshPJxyZa4GLHm65AS1s7qC,246.994979,3.0811e-05,1.25e-07,8015522.95388073,170.820275926,111.842781197,872637243.532712,0.0,1000000000.0,2025-08-05 11:59:59.937462431
fdwvj7MTC6LB3gNzjTqzxYUS3LwNwYnq6JyToFQLSxrHLwWAUrLdQYBV24G5oiyjaL97kuRVwts2zBG5TtumvPU,AdCL5V3dJj3D5NaF4FUy11E58mwNuo3ZbbKGPd3bCdr8,358027833,15,14,3RProVQmwPbmwD4a7xcGjLR9aQP9BqMfiicuNUZ4Mn6k,"""pumpswap""",So11111111111111111111111111111111111111112,G1jydhghPMLBXRFPR3wyJ9HbpKPR3Rv7M8Yakfo5pump,2d4hzTR6puzLnYBhBCEtfLmGxdSsrWwm3pubKwtarhL7,7BTqvoA1udvVMGa4qs8kSSuvSWKDeHULazoWzFMDUq1H,0.012748276,11272.747768,885981.185310053,1.129e-06,170.820275926,227457508.234401,256.729501716,997782187.389763,0.0,2025-08-05 11:59:59.930034305
2skW99JS11wSkXDAMbxVaz7jRF5FbQQtCCisHqWNum255ESbAYYhYuRJFSiUjhre3TFtq8bSWY5mkzc9wARK34Ng,FK4TcCAruwzsyn5U3nExg7mVuUTh2VivvRqAnjfm2Qnc,358027833,70,8,EbgyVisJ84abfKx1NNADkJ7mt3SWDPS6A6fos5fYbZDS,"""raydiumlaunchlab""",So11111111111111111111111111111111111111112,AQYqXJLxwPUcR4DGXf61A3t6D3CMk44V9nZUYiEfbonk,479xpXASFa5frjiXpa5BQjQpmUqkrMs3yeFmhszYJSPi,2uGvKwgjW7aPfcPAGoMu7saSgfdQCFGCPAiSafe8MnJ1,0.0631,1577571.970912,25273407.973818317,0.03956728,170.820275926,171031399.330632,5.688604015,1000000000.0,0.0,2025-08-05 11:59:59.928713006
2xtTyUi8BGDqgPkmEvCR2y19UyEjgskzfVixJT81ppiQtVuR6WWdSb2CGho1khGHKm6JZH1xaoxpb68zJwiQHcxP,DfweDrYqFyxPWKM8G885rpXTygG7wTnXNAVx4WkZpVGh,358027833,62,8,EbgyVisJ84abfKx1NNADkJ7mt3SWDPS6A6fos5fYbZDS,"""raydiumlaunchlab""",So11111111111111111111111111111111111111112,AQYqXJLxwPUcR4DGXf61A3t6D3CMk44V9nZUYiEfbonk,479xpXASFa5frjiXpa5BQjQpmUqkrMs3yeFmhszYJSPi,2uGvKwgjW7aPfcPAGoMu7saSgfdQCFGCPAiSafe8MnJ1,0.58,14763362.06671,25361890.773946334,0.039429237,170.820275926,169453827.35972,5.626292765,1000000000.0,0.0,2025-08-05 11:59:59.928344685
3wUw7r4Vubx5D1AgXaHvqFuvujCa4rywSKaja1S7rr73Rtdmfu7krbD1QUMDZcpSgRYbLmkm7Z6hLAYfcz54PnSg,D7dFRZgTJjHuL1y6kUvgtZZLRYwn2Z7YsfjfAEKJKEz7,358027833,75,2,5AfBSWVouTj6pnT182Jnr6cfT6zLXg66rs4BZyXgXv9J,"""raydium""",So11111111111111111111111111111111111111112,3zqMka4fvnckBmVbrpj9e5aKBsWzTKfv4DyJMgfYevtZ,3C1XbfYVDvYxJ1UXN5zw3m3yjJoLCm3Wt5e66U8oNQ99,DquMek7fKauzHiHvjhHjEihEVbsirvcyEBxAday8DXNg,0.022938764,8.043521,351.509422939,0.002844874,170.820275926,132919.89266,378.140339877,10000000000.0,0.0,2025-08-05 11:59:59.927314412
4mcrTF9NDSV4CyxQjkA1EKDcRZq888zFZgMRzsEqEk4sxmB5y9oobT1jdduTzNFQgX2JmkGJyRPnTen8skmUdFeX,9yycPMvcMX7WrP3qhS81wZdY9HviJANu5s7BQuSUZQBZ,358027831,1382,6,7eqsVj2adfXr3QXJzDyJoFg374qhhjiMdSq3VzuhkuH4,"""pumpfun""",So11111111111111111111111111111111111111112,7EwBbdzenusdc3gZamewgp5RMursK8uUteMaVws4pump,7eqsVj2adfXr3QXJzDyJoFg374qhhjiMdSq3VzuhkuH4,HN3tbTiNLEx5XK3GCappqcgHhisL2aQC7EqfE7J6jqBP,0.00980198,81978.443788,1.2e-07,1.2e-07,170.820275926,62.044297025,518822866.907236,0.0,1000000000.0,2025-08-05 11:59:59.899026341
5DmRYfsPHFY9Uahqq6DwMCwaw8DHj1wZY8qeuv5Zty3Ej5cstcrgo6k5Sc6WjdyRfQYLqYzD7q2saEtTC1BUKnVX,5nMXSsNM4r25yES3h26DdDEDpM3f8RHMGeV2WGbi5vXf,358027831,1393,2,Fen2y5GKTu94uQVaD1AzhJp5GowDHLhKqecAN73qD4zz,"""raydiumcpmm""",So11111111111111111111111111111111111111112,B4QSzPSoJyqxHYmpX4FgyL2dyzHFPTJggQvEwF1kbonk,Eyct5ibZ5x6aAfLY1qpkAyjyAtqBMDXa3wxJbyuUT3Zp,6LmSd5h8TRY2NiaQMiNYk1riNixnPkzJDRj6ax7En5Pa,0.223868578,138886.563778,1.61e-06,621149.31844985,170.820275926,174.225420624,108220001.277236,0.0,999995769.962368,2025-08-05 11:59:59.898826586
4V74jEAXCTmd3DMumQGTseDoz1TNLz9PURRDv39avbVWQM1TCATxZJnF6DXcKC4kJnXNdEGaGURwpJk1S2wBWSDZ,EgvRpQj9CfkXJredgKSu3Cnv6PNEnJoYaZcbn7zHbXT4,358027831,1395,9,DBAwLuq2AjDCm4ThbeX4NirSrdnBGFA8iJdcVJQp5tW5,"""raydium""",So11111111111111111111111111111111111111112,5WpRYEv9fQBXo8TmkcJtnHHYnYy3dxAJKtZMqVkbpump,2pPB2auepZ9o38m8BWZzYiqktcPBqUs1vWH3fctWkF1X,AT9R3XwcRTqJHU3JvujzDB8BFxssnCxpvXAfTQdHnmfH,0.001158777,6179.941072,1.87e-07,5346421.954273143,170.820275926,60.246981351,322105783.773671,0.0,999977043.079398,2025-08-05 11:59:59.898591615
nr7zabUTe4DeF9VtaeJePZZVRWwCTgWHL61193xjKNyf9Gpu2gYbVhWwHZJUz3bXqtX1VFLo6gLE3oumjxHxiSa,7uVoMGEr5u4PmZCT54B3fbE9ZiKzWMxXCShYQnX7oCsZ,358027831,1373,2,Fen2y5GKTu94uQVaD1AzhJp5GowDHLhKqecAN73qD4zz,"""raydiumcpmm""",So11111111111111111111111111111111111111112,B4QSzPSoJyqxHYmpX4FgyL2dyzHFPTJggQvEwF1kbonk,Eyct5ibZ5x6aAfLY1qpkAyjyAtqBMDXa3wxJbyuUT3Zp,6LmSd5h8TRY2NiaQMiNYk1riNixnPkzJDRj6ax7En5Pa,0.213075525,132522.493015,1.61e-06,621149.31844985,170.820275926,174.225420624,108220001.277236,0.0,999995769.962368,2025-08-05 11:59:59.898450791
552sLCsfSm9ahqU66RjuXajYUgjpeYYmHw9N9hoe4p6qEjfQjUWncofd328DvbAf55g7Cs5pBExLKrimZb223Tbd,4V5C9pkievWTMUbYsDkHsDUo7gRMQtwpHwEpWuAXZ4pF,358027831,1358,2,Fen2y5GKTu94uQVaD1AzhJp5GowDHLhKqecAN73qD4zz,"""raydiumcpmm""",So11111111111111111111111111111111111111112,B4QSzPSoJyqxHYmpX4FgyL2dyzHFPTJggQvEwF1kbonk,Eyct5ibZ5x6aAfLY1qpkAyjyAtqBMDXa3wxJbyuUT3Zp,6LmSd5h8TRY2NiaQMiNYk1riNixnPkzJDRj6ax7En5Pa,0.271254135,169177.003911,1.61e-06,621149.31844985,170.820275926,174.225420624,108220001.277236,0.0,999995769.962368,2025-08-05 11:59:59.898073823
kPypt45Vi4Yd4fzfE48VSmVSQJGyFwXYzfsERdRVvGsxbiMNCWamgLGswPrUuZ8NNKnxhZmHH8L5jiMU7FTJrh9,BdEj46jNdBmJRLcZf4YtUTwvFHUnWnrmdzdxQHms6QoC,358027831,1336,9,wSMPrmLXoq7fNo6C1e53qXnVyXR3G7rhEovx7WYzhB8,"""raydium""",So11111111111111111111111111111111111111112,Cyq8R8jBaZtwCRR4UkjEsXmdEbQB3jmkvhoSRELGdYCy,2d1XUMi9iyw3CTrApvx68LYRaq565tNeLkKa31z1EsUo,HPeK4aQjyMz2KCWeRCBHMoJbJpvqYMRGEyoodt2oxbdE,0.5,4974907.28859,9937599.981544308,1.01e-07,170.820275926,1334066706.816186,134.244355709,9931740349.030191,0.0,2025-08-05 11:59:59.898062142
3a6cU5WVWoZFWAjPSByoeMaV9H4V7FYEUi6fSMXSjrtwdah4J8Y1KgYzSX8J83U9WHe1vv9UAR4bx1L64qCgRoy,Fkp33cMz3Y7ZSH9opqzLmSkoCn4Guf6CGsPKGJJV1bqN,358027831,1361,2,EvLUMU65RwCcBVPEHfJbn8Kc3QGKCbBQwdFVt2H2JmN1,"""raydiumcpmm""",So11111111111111111111111111111111111111112,4tBWabkFuVbVnX2qQxVPdaSL9s7xmH175vEJ1KS1bonk,WAxs6upYfzZQLehcevZxGNq2bU4gJVKhqXJTUmnwEVb,26VnQXScV2fy4wdeTEoRu6SxD4FgoHZfYjnDsc5NfnMN,0.194116608,74783.02191,2.591e-06,385880.620555221,170.820275926,225.150116686,86881066.744874,0.0,999999896.136252,2025-08-05 11:59:59.898015724
5bbZ17ywCwtuZ7gPDXnWNzM6YKyqd4PQ5WSiSUdPF6xWCsMLPNUW3jr1awBdAoRfbMGDDJna2rq3e8jcrr5QiMhA,BxLTRNH9wPcJNPc6YAe2p5JVCyyhmAgYGUHdj61vAQee,358027831,1384,15,LQsN3F2fnYXWjgdjLnixVugHRKesp7kyQTmGrvMrcna,"""pumpswap""",So11111111111111111111111111111111111111112,7KtAksXS9isbq1T6HMAkphmzmsbmfMoGKXXXMpAN25zR,G9gVoMy1WBq1ZYSMRdZunaHcFZsdtK1aFSjzmXp8WwCD,CsSbpu96Mxo63AiDRMz9gAi9Yn9Jt9NgEsdPY2Le98d,0.346,250873.01638,1.386e-06,721436.464673694,170.820275926,46.077934855,33242302.421256,0.0,60410736.53928,2025-08-05 11:59:59.897404888
xSkbbfiUeXotV4aMDN73t2WCfYDXC3eGNVRMyyboG9d3thJ6atGMTRsFTZwk7QB9pWozUnZbLpSt1PHv46W2G3f,9UmcKWXQgh9gFQcp5hSBRA89zUqSdig2UV3j5pqXbEHk,358027831,1379,15,5QwcwUb1bmAHHwudUXqnwFDozH7X748FDMeobTXh5Try,"""pumpswap""",So11111111111111111111111111111111111111112,H1ToRriZJWmJYvbQDzxsKAktSzrNkRHjwTrNvKdNagKB,VX1fZ1vqPB9meRjaWGH12AVzdSm1jbqPke97JuCApfK,GbjDV2xa94mrRp4ohrodx5XWoA6kP4sjAuErBGUQBxpb,0.003,2465.800571,1.214e-06,823910.086248498,170.820275926,29.57306,24365542.415232,0.0,59843980.001405,2025-08-05 11:59:59.897394850
5rrJdrwCQjzxfB7Q8mGCr6qNtQgpyhTdNJpQehTkvWsmnnAupYEd9xdcLF7APm8AZzQwCrhfqMtPqH7Wcc1hVn7y,344NJ3vbLgcTxD4e643REZJVMBWW3XbaJsX7iVek9RB5,358027831,1376,15,9ijCUqpJpL6m8w1DvDdmW3niAqD4Eu5ci3ipcnuJobmU,"""pumpswap""",So11111111111111111111111111111111111111112,8Nm2HkGRvSE68SLTUUk74kqEaqXbfsQbSqnRPa9stwrk,AmgCq5iTDGn9hLPubLaf28iCy949Jjr8qPV7SS6pjaLM,H173ot6cBST7yK3WYe3o9svZ7MV5NZWWgzNUMtZ18Ywu,0.1056,113642.97639,9.28e-07,1077868.794085755,170.820275926,114.5119071,123428811.214337,0.0,195813224.16272,2025-08-05 11:59:59.897167523
2QPxDwkinsBgv2LB9WyzQQf119VFN3TAy69YEvZ52e1V6x7kcpFHBE814woxAkc9cmdKG1fGccc1eKrWJ8BkXADi,2p14xQHqBft6rHYzbExThCBWRRArekaiVY3hVtfeKNhH,358027831,1321,2,Hp7sEY6XxTEhGHr1ndRC42DFjxAyTqsaXa3ok15oRfsW,"""raydium""",5QxikYjTfozkPLjFJQacDL3LWudNdEgeJyKfdwrmcmy,So11111111111111111111111111111111111111112,8mns9oXDAHNm28Mxg8sdc9zy3N3TyquwF2C4xZjWq9h6,9k6JG3KEQC5GqEYHXX7dNRNbQn27Y5NzEMFsGphTH1AN,473839.1635,0.760176066,638315.394530772,1.567e-06,170.820275926,18280388.708,28.638489475,1000000000.0,0.0,2025-08-05 11:59:59.896774496
4s5TQndYCYugZ3t9ZwgjCkxEkY9kU8ow9oDkshiioqXjHyw7Y5J3CUDAcSfBw61UURuy1piiEvLaBKz7KuJa3UFH,HW9qPGoRBJBQV9NhMbrmoUG2fU8SZbX6kHJkVNtmG8Li,358027831,1278,7,3mgxf9VVDd82E75bovuAJPS1wYmJoZCAo4MB6zpQDjnv,"""pumpswap""",5zCETicUCJqJ5Z3wbfFPZqtSpHPYqnggs1wX7ZRpump,So11111111111111111111111111111111111111112,7isfXQm9GJNdSz2Mdhj8xhYFApueXnGFLM2dTs3hED4Y,G9J4M1SCQRfX1qbT9wvWVPSgmGaDwUn2SRWneETtSVbX,593.208533,0.008237343,71799.527604021,1.3928e-05,170.820275926,40639116.25567,566.00812863,999993298.475726,0.0,2025-08-05 11:59:59.896621479
3mJTQGZ61rkfpwTUf9LXWcTMGGJGkzKi61afqWQs11pPNF89NrSPZLMV6m8WWuCsfVua5sQ2P6hjm1mQXsXEdDtU,HkSuuncEtnsnefPRaxn8epd7mVYCgqyGvZz3PVZWBfWt,358027831,1236,18,2H87WiHP7gMcBGodhRtzgmVc3MYqEx1xPcGdoVUHNQhj,"""pumpswap""",So11111111111111111111111111111111111111112,5EaYZcaKfTVdpQ2avVtJ7BNWJ1Rnj86F1dWxppawpump,HUaAqfYLTgGHK2LcHCd6Zet1TMA2t1xZrn6qDkdC2sxX,uWmkBHPJMzADjRzg4QadS8wxoL8JhL656f3V6edcBqQ,0.022121623,1066.945088,48325.977133763,2.0693e-05,170.820275926,38180221.512564,790.055861817,999969200.422801,0.0,2025-08-05 11:59:59.895827058
3cpwheYYZ4preTisgyoKN6Z83a8zjaWUfCWBw3V6htq8aHxWpinJpmnsPUJvff8VJJM2Mt1Dmf43Lizf65AS1nTY,ALiQmAL4FL21LF2Tswxn3FZJLXHekzfDqyqdLHxpUviu,358027831,1237,2,ENTF4rmWSPD63dhEVTojfdHtttScvb826tTC6ULCBYQA,"""raydiumlaunchlab""",FasW2dNMrUf2kGSzZk9m16YdvTGwNZhmbir5AXmfbonk,So11111111111111111111111111111111111111112,29pGjX5JuFXPSv9fDeEr9ob54P98pysC3gxZTrvbsWVS,GH523GZXoKxaVdDQDNxSkZ3uiS7nyVpstGqLN5zDT4N2,1615225.0,0.055584457,31424860.68277193,0.031821939,170.820275926,67232800.75254,2.00542434,1000000000.0,0.0,2025-08-05 11:59:59.895515203
4Z2XG9fba2KRFvaRuEQqYCcnJDCttP9PdebnieFbtMmTUVgfTJJwGwCEuJt3vAvxfXDyfYAFnRHnCxJuw6MRoFRm,ApG8dzWCa9zZp9VqLGEmQarYLSPPdf4sXaxnVzZEwLao,358027831,1240,2,D92Dv7HD4pfwcvHGcctG2PoWZCP9VxNSCpBXrnyn5WXD,"""pumpfun""",So11111111111111111111111111111111111111112,DhohW2f5zUBovsP4G1mNchLxHt6VtG11iyEmmVpTpump,D92Dv7HD4pfwcvHGcctG2PoWZCP9VxNSCpBXrnyn5WXD,bX1jAF1BBc8Xzas3wazU6Q6R9HWL9YdzC9RwrFYJA5L,0.1457,2679037.010836,5.5e-08,5.5e-08,170.820275926,41.913802933,768004760.67204,0.0,1000000000.0,2025-08-05 11:59:59.895320648
5b9jSaP21Bx5Vij2yCxNV9FuuhN9UMCJtTnoCFuozmEYK5SQuxcSKM8GeHnUJPY5NXzRnwt46WqTMYzUxFMEhc7v,2Ftx367NL7nAY4WUyJTMeQ1DjNpwnypqnuKTAydrRQgJ,358027831,1212,3,DVW3dzLgThmR9rXDFGZ35Ni8ARzTTa5zbpsYuVByf9Ww,"""raydiumcpmm""",uUN1ySW19cqMMPGfKGaKnL9zheGM7hzJBBzgN1nbonk,So11111111111111111111111111111111111111112,D3oKqxbqLApvL5W5z4w4KPwWW3eyQWDAHom7xskYS4xn,6LCenTU73gSwkKo1frZtqNEi4YBZdQTEbU26r4o57sip,324881.789147,0.368311069,1.151e-06,868474.931304148,170.820275926,154.746539603,134393490.35127,0.0,999999999.999999,2025-08-05 11:59:59.895290652
3LRh6CM36gvJmpKCmktJMX52X9nhVKg37mXoCqC76LASYvMEHkTjo8VET716Mfj6ALfkMsdT3oXxTUuQSrUzuyDY,GY9smVtTde53JgZNPpyJiAnUwmwzFSeJ8bP41WJ3umnm,358027831,1238,10,4DLfmw8DpPVbvLxrg24d57GzJL7A8aH8UMVi9XALbLsD,"""raydiumcpmm""",So11111111111111111111111111111111111111112,DDbEuvSHVBPZ9MCiwMuycwmH88E6i1WyMKzmyQRxbonk,Cp8JHzFTyxz2YKFJA1KEVFU1moJeYZpCc4cAxquftxKF,6BSAKajf9k7SCaBg8nAmhooK2UKvYqPoupCniYuPVrDB,0.188739616,163653.950546,1.135e-06,881445.017215629,170.820275926,142.045910077,125205659.653231,0.0,939962357.681149,2025-08-05 11:59:59.895212065
3ATcuPGAoC9ZYbCNP1sEAB3Mr7ZdB6DfDUf8emYi7vZF4ZeZk8n9kiwE3h6fmCgjMrKvVJDDzqR1TWomxYY8zdEM,EW6mjwJB9PFn5Qzine94kdKFnozJ5Ev8JJhaaKVNRwhJ,358027831,1231,8,FEJpi3vZGnMN6K24zx3U8xtX64EDdKdiDqvkE1eNzqLs,"""raydiumcpmm""",FotHVtKqMDt6FpuRVfchY7cMJta1QUHmQkCnKEjbonk,So11111111111111111111111111111111111111112,76WWVr9V3HDeFt5dUfD6T7K7ymjMBUXYV2KS56u49NAF,Fw6FHam15r6PiKT2oP53dcgkJhAJQcBEjBaoBwseNq4,476706.922311344,0.04075022,11703628.660172252,8.5e-08,170.820275926,161145463.34322903,13.768846229,999981305.2293248,0.0,2025-08-05 11:59:59.895075218
MwAVkdewdcSuuG2s32gJABNT9ktDSo31CkFfwJdRtBoZ2TWvundkozkq4D4wp2b3zJVpjcMCtFoP4b8PwTe6VQC,3TtCBSrniUXD4GD4pxNtitcwhfQAUjvqGoWkeK1Tm7zV,358027831,1215,10,22zLCCNRWk5oBgx8be7LnGNHWatDU2owTczcBZUNdjrb,"""raydiumcpmm""",So11111111111111111111111111111111111111112,GhE4sh64jawtzUmeQWRgkN3XrzcWN4pib5g5RcKMbonk,C1E2HmkdgiXYmqN4zGoSkd7iyJrETHcVA2F3V9k7btYe,96DE2ArhkQsCwCQWDdqTr9zTNLkuW5K1U3pur7ScSDz1,0.03,8041.220698,3.721e-06,268736.7649593,170.820275926,330.998321403,88951418.100801,0.0,999948844.719485,2025-08-05 11:59:59.895057945
9rRVQ5GtdA4tRSyS5ckJgGpBcpoLaYnC7vYem8dNd4KTAyJGNrL7Hu1qAgC7naiRFQZrKNByT3bUmFsCgsaB3xc,9setf5TuLopkx8WzoAHit4B5nSfYkoYupDuSKXPLwhsA,358027831,1226,7,7YwWM3ZqotqHHW4FmkhMPykM3oWYVSbcpExgs6DCu5bZ,"""raydium""",5sakir9dPusezVV5xvSnSSdUns57mWjYvs2M46Y5VoM2,So11111111111111111111111111111111111111112,56VPhyz4VYP7jjTzPR525ywC8oBjsctdSGPmuC3nha5Y,3EdcuPnA4vvg32Gn6FKpWd9fCjeqH2FQqVfeNQcL1DZC,6.761213,0.048132446,140.130420823,0.007136209,170.820275926,89244.588153,636.868052126,199999998.467165,0.0,2025-08-05 11:59:59.894932290
tvXTHN36PbKGD8KNGYKTChWcPLWYuSgdK21ekHBXJPTNFXRPCyfakmG9tqVT3JH7TPXqBSF9UH484H9eb9j2cZE,3pnWGE77KK5tkWbuH2MmQagZd4PpFV7vx7mASpkdmsCj,358027832,1897,10,BjkBxREU5J1gi9J4o68EMurMdkwkWNf8jhjkGMNUqRmr,"""raydium""",So11111111111111111111111111111111111111112,4HBQm2EhdpUWZkTYxttxNDnsoWi5beRAGWHpjVo8pump,9P3QVb2wxb9F6sw7nG8je1hjEPPUquxP4NhA4yZyimkk,BqUZuFEy4QfmMTj7owojsJBZk4pUTWMJCSYupkBwPL1s,0.42808,3531.206068,0.000120952,8267.746803509,170.820275926,1896.282221144,15677981.272414,0.0,999960832.429367,2025-08-05 11:59:59.857513126
2A2An6frDs4ZsB6ec1DgAz3Ur9CTA8WVpqewSC5yiJcHwn1t9f6KsEJ9xr3ibfyi9Br6aW2x82X4d8t5Uing2pzJ,2YyHEzXoAGxD8BAsgjKmwUgkHPDPYFJRueuvJmAo8kj4,358027832,1898,22,8GbdcUSprTUYEudSTVdQy83cDgHk6EiAMJ6EyWNoouwd,"""raydiumlaunchlab""",DqdqMky3t7ZDFXeN8KPDamPo7Me4nFnq85AKh9nZbonk,So11111111111111111111111111111111111111112,AEcWhtkvsMg5Gowh1obkBUHsTasuYPKfd5wYBNnKgJ5g,CcWx59DXgpkcwWV6gXxjG6SnXweJUKkK24cMVMGztCW3,107.053851,5.427e-06,19476305.79486986,0.051344439,170.820275926,281207821.944815,10.654587151,999964105.808112,0.0,2025-08-05 11:59:59.855793129
2A2An6frDs4ZsB6ec1DgAz3Ur9CTA8WVpqewSC5yiJcHwn1t9f6KsEJ9xr3ibfyi9Br6aW2x82X4d8t5Uing2pzJ,2YyHEzXoAGxD8BAsgjKmwUgkHPDPYFJRueuvJmAo8kj4,358027832,1898,18,8GbdcUSprTUYEudSTVdQy83cDgHk6EiAMJ6EyWNoouwd,"""raydiumlaunchlab""",DqdqMky3t7ZDFXeN8KPDamPo7Me4nFnq85AKh9nZbonk,So11111111111111111111111111111111111111112,AEcWhtkvsMg5Gowh1obkBUHsTasuYPKfd5wYBNnKgJ5g,CcWx59DXgpkcwWV6gXxjG6SnXweJUKkK24cMVMGztCW3,107.053851,5.427e-06,19476305.79486986,0.051344439,170.820275926,281207821.944815,10.654587151,999964105.808112,0.0,2025-08-05 11:59:59.855786557
2A2An6frDs4ZsB6ec1DgAz3Ur9CTA8WVpqewSC5yiJcHwn1t9f6KsEJ9xr3ibfyi9Br6aW2x82X4d8t5Uing2pzJ,2YyHEzXoAGxD8BAsgjKmwUgkHPDPYFJRueuvJmAo8kj4,358027832,1898,14,8GbdcUSprTUYEudSTVdQy83cDgHk6EiAMJ6EyWNoouwd,"""raydiumlaunchlab""",DqdqMky3t7ZDFXeN8KPDamPo7Me4nFnq85AKh9nZbonk,So11111111111111111111111111111111111111112,AEcWhtkvsMg5Gowh1obkBUHsTasuYPKfd5wYBNnKgJ5g,CcWx59DXgpkcwWV6gXxjG6SnXweJUKkK24cMVMGztCW3,107.053851,5.427e-06,19476305.79486986,0.051344439,170.820275926,281207821.944815,10.654587151,999964105.808112,0.0,2025-08-05 11:59:59.855780856